{
  "frozen": {
    "app.update.auto": false,
    "app.update.enabled": false,
    "browser.download.manager.showWhenStarting": false,
    "browser.EULA.override": true,
    "browser.EULA.3.accepted": true,
    "browser.link.open_external": 2,
    "browser.link.open_newwindow": 2,
    "browser.offline": false,
    "browser.safebrowsing.enabled": false,
    "browser.safebrowsing.malware.enabled": false,
    "browser.search.update": false,
    "browser.sessionstore.resume_from_crash": false,
    "browser.shell.checkDefaultBrowser": false,
    "browser.tabs.warnOnClose": false,
    "browser.tabs.warnOnOpen": false,
    "devtools.errorconsole.enabled": true,
    "dom.disable_open_during_load": false,
    "extensions.autoDisableScopes": 10,
    "extensions.blocklist.enabled": false,
    "extensions.logging.enabled": true,
    "extensions.update.enabled": false,
    "extensions.update.notifyUser": false,
    "layout.css.devPixelsPerPx": "1.0",
    "network.manage-offline-status": false,
    "network.http.phishy-userpass-length": 255,
    "offline-apps.allow_by_default": true,
    "prompts.tab_modal.enabled": false,
    "security.csp.enable": false,
    "security.fileuri.origin_policy": 3,
    "security.fileuri.strict_origin_policy": false,
    "security.warn_entering_secure": false,
    "security.warn_entering_secure.show_once": false,
    "security.warn_entering_weak": false,
    "security.warn_entering_weak.show_once": false,
    "security.warn_leaving_secure": false,
    "security.warn_leaving_secure.show_once": false,
    "security.warn_submit_insecure": false,
    "security.warn_viewing_mixed": false,
    "security.warn_viewing_mixed.show_once": false,
    "signon.rememberSignons": false,
    "toolkit.networkmanager.disable": true,
    "toolkit.telemetry.prompted": 2,
    "toolkit.telemetry.enabled": false,
    "toolkit.telemetry.rejected": true
  },
  "mutable": {
    "browser.dom.window.dump.enabled": true,
    "browser.newtab.url": "about:blank",
    "browser.newtabpage.enabled": false,
    "browser.startup.page": 0,
    "browser.startup.homepage": "about:blank",
    "dom.max_chrome_script_run_time": 30,
    "dom.max_script_run_time": 30,
    "dom.report_all_js_exceptions": true,
    "javascript.options.showInConsole": true,
    "network.http.max-connections-per-server": 10,
    "startup.homepage_welcome_url": "about:blank",
    "webdriver_accept_untrusted_certs": true,
    "webdriver_assume_untrusted_issuer": true
  }
}
